Measurement,Count,Mean,SD,SE,Q1,Q3
Segment Duration (s),4250,7.188,1.8900582200852467,0.028992169633771242,6.0,9.0
Words per Segment,4250,6.904705882352941,6.755112006222016,0.10361868809029615,1.0,10.0
Segments per Song,140,30.357142857142858,12.830982864707174,1.0844159760455958,24.75,36.0
